ID;Автор;Название;Год;Цена;Выдачи
1;Александр Пушкин;Капитанская дочка;2016;350;45
2;Лев Толстой;Война и мир. Полное собрание сочинений в одном томе;2014;890;120
3;Федор Достоевский;Преступление и наказание;2017;420;88
4;Михаил Булгаков;Мастер и Маргарита. Рукописи не горят;2015;510;150
5;Николай Гоголь;Мертвые души;2016;310;60
6;Антон Чехов;Вишневый сад и другие драматические произведения;2014;290;75
7;Иван Тургенев;Отцы и дети;2018;270;40
8;Александр Грибоедов;Горе от ума. Комедия в четырех действиях в стихах;2017;330;55
9;Михаил Лермонтов;Герой нашего времени;2016;300;90
10;Александр Пушкин;Евгений Онегин. Роман в стихах с комментариями;2014;480;110
11;Федор Достоевский;Идиот. Роман в четырех частях;2016;560;95
12;Лев Толстой;Анна Каренина;2019;620;80
13;Александр Пушкин;Руслан и Людмила;2017;250;30
14;Иван Гончаров;Обломов. Классический русский роман;2016;390;50
15;Николай Некрасов;Кому на Руси жить хорошо;2014;310;35
16;Александр Островский;Гроза и Бесприданница;2017;340;65
17;Максим Горький;На дне;2015;220;40
18;Михаил Булгаков;Белая гвардия. Хроника трагических дней;2016;410;70
19;Иван Куприн;Гранатовый браслет;2014;260;52
20;Федор Достоевский;Братья Карамазовы. Заключительный роман автора;2017;750;85
21;Лев Толстой;Детство. Отрочество. Юность;2016;380;42
22;Александр Блок;Стихотворения и поэмы Серебряного века;2014;430;63
23;Сергей Есенин;Собрание лирики и стихотворений;2017;490;77
24;Владимир Маяковский;Облако в штанах;2018;310;29
25;Михаил Шолохов;Тихий Дон. Эпопея казачества в 4 книгах;2016;980;105
